,species0,species1,species2
0,0.396255,0.101661,0.20686
0.1001,0.477805,0.105109,0.28702
0.2002,0.501346,0.0951256,0.357901
0.3003,0.487859,0.0821835,0.421928
0.4004,0.455398,0.0709279,0.481976
0.500501,0.414246,0.0624046,0.538903
0.600601,0.370018,0.056443,0.59229
0.700701,0.325979,0.0526253,0.641328
0.800801,0.284107,0.0505759,0.685309
0.900901,0.245555,0.0500226,0.723811
1.001,0.210902,0.0507935,0.756717
1.1011,0.180318,0.0527995,0.784144
1.2012,0.153708,0.0560184,0.806357
1.3013,0.130808,0.0604814,0.823694
1.4014,0.11127,0.0662634,0.836501
1.5015,0.094713,0.0734753,0.845096
1.6016,0.0807581,0.0822563,0.849748
1.7017,0.0690483,0.0927673,0.850668
1.8018,0.0592593,0.105182,0.84801
1.9019,0.0511041,0.119678,0.841882
2.002,0.0443331,0.136421,0.832355
2.1021,0.0387322,0.155551,0.819485
2.2022,0.0341197,0.177165,0.803333
2.3023,0.0303432,0.201301,0.78398
2.4024,0.027276,0.227915,0.761555
2.5025,0.024814,0.256873,0.73625
2.6026,0.0228731,0.28794,0.708328
2.7027,0.0213864,0.320784,0.678131
2.8028,0.0203026,0.354983,0.646075
2.9029,0.0195845,0.390047,0.612631
3.003,0.0192076,0.425448,0.57831
3.1031,0.0191598,0.460642,0.543629
3.2032,0.0194411,0.495103,0.509093
3.3033,0.0200641,0.528346,0.475167
3.4034,0.0210545,0.559942,0.442255
3.5035,0.0224525,0.589523,0.410696
3.6036,0.0243149,0.616785,0.380757
3.7037,0.0267176,0.641478,0.352634
3.8038,0.0297587,0.663388,0.32646
3.9039,0.0335626,0.682331,0.302316
4.004,0.0382838,0.698123,0.280243
4.1041,0.0441123,0.710574,0.26025
4.2042,0.0512773,0.719464,0.242328
4.3043,0.0600506,0.724534,0.226462
4.4044,0.0707476,0.725475,0.212635
4.5045,0.0837226,0.721931,0.200844
4.6046,0.0993569,0.713501,0.191103
4.7047,0.118034,0.699768,0.183455
4.8048,0.1401,0.68034,0.177979
4.9049,0.165796,0.654915,0.174803
5.00501,0.195175,0.623369,0.174107
5.10511,0.227991,0.585869,0.176138
5.20521,0.263586,0.542975,0.18121
5.30531,0.300801,0.495721,0.1897
5.40541,0.337946,0.445616,0.202034
5.50551,0.372886,0.394547,0.218651
5.60561,0.403253,0.344566,0.239936
5.70571,0.426779,0.297606,0.266146
5.80581,0.441658,0.25521,0.297306
5.90591,0.446856,0.218356,0.333132
6.00601,0.442256,0.187419,0.372977
6.10611,0.428633,0.162267,0.415841
6.20621,0.407455,0.142428,0.46045
6.30631,0.380606,0.127263,0.505385
6.40641,0.350092,0.116101,0.549238
6.50651,0.3178,0.108333,0.590754
6.60661,0.285329,0.10345,0.628923
6.70671,0.253912,0.101059,0.663027
6.80681,0.224411,0.100874,0.692627
6.90691,0.197351,0.102708,0.717521
7.00701,0.172988,0.106453,0.737681
7.10711,0.151378,0.112063,0.753199
7.20721,0.132437,0.119543,0.76423
7.30731,0.115997,0.128933,0.77096
7.40741,0.101846,0.140294,0.773578
7.50751,0.0897501,0.153693,0.772269
7.60761,0.0794793,0.169194,0.767209
7.70771,0.0708141,0.186836,0.758569
7.80781,0.0635546,0.206626,0.746528
7.90791,0.0575228,0.228518,0.731282
8.00801,0.052564,0.252408,0.713057
8.10811,0.0485465,0.278121,0.692119
8.20821,0.0453609,0.305412,0.66878
8.30831,0.0429186,0.333966,0.643395
8.40841,0.0411507,0.363407,0.616364
8.50851,0.0400072,0.393315,0.588116
8.60861,0.0394555,0.423241,0.559095
8.70871,0.0394807,0.45273,0.529745
8.80881,0.0400846,0.481332,0.500494
8.90891,0.0412869,0.508624,0.471736
9.00901,0.0431248,0.534215,0.443822
9.10911,0.0456549,0.557752,0.417053
9.20921,0.0489536,0.578917,0.39168
9.30931,0.0531189,0.597424,0.367902
9.40941,0.058271,0.613011,0.345874
9.50951,0.0645532,0.625427,0.325714
9.60961,0.0721308,0.634431,0.307511
9.70971,0.0811886,0.639779,0.291335
9.80981,0.0919245,0.641227,0.277245
9.90991,0.104538,0.638532,0.2653
10.01,0.119216,0.631466,0.255566
10.1101,0.1361,0.61984,0.248124
10.2102,0.15526,0.603535,0.243078
10.3103,0.176644,0.582543,0.240558
10.4104,0.200032,0.557021,0.240726
10.5105,0.224986,0.527336,0.243772
10.6106,0.250813,0.4941,0.24991
10.7107,0.276559,0.458176,0.25936
10.8108,0.301042,0.420649,0.272328
10.9109,0.322944,0.382743,0.288964
11.011,0.34095,0.345711,0.309325
11.1111,0.353912,0.310704,0.333325
11.2112,0.361015,0.278655,0.360694
11.3113,0.361889,0.250211,0.390956
11.4114,0.356654,0.225719,0.423437
11.5115,0.345877,0.205258,0.457297
11.6116,0.33047,0.188705,0.491599
11.7117,0.311545,0.175812,0.525379
11.8118,0.290273,0.166273,0.557731
11.9119,0.267762,0.159777,0.587867
12.012,0.244974,0.156041,0.615152
12.1121,0.222677,0.154826,0.639121
12.2122,0.201442,0.155944,0.65947
12.3123,0.181654,0.159256,0.676029
12.4124,0.163539,0.164666,0.688741
12.5125,0.147197,0.172107,0.697627
12.6126,0.132639,0.181536,0.702766
12.7127,0.119811,0.192918,0.70428
12.8128,0.10862,0.206218,0.702316
12.9129,0.0989489,0.221385,0.697045
13.013,0.0906754,0.238345,0.688663
13.1131,0.0836759,0.256992,0.677385
13.2132,0.0778344,0.277178,0.663457
13.3133,0.0730459,0.298708,0.647149
13.4134,0.0692192,0.321346,0.628762
13.5135,0.0662777,0.344809,0.608622
13.6136,0.0641606,0.36878,0.587079
13.7137,0.0628227,0.392913,0.564494
13.8138,0.0622349,0.416844,0.541235
13.9139,0.0623838,0.440204,0.517665
14.014,0.0632718,0.462629,0.494133
14.1141,0.0649168,0.483766,0.470963
14.2142,0.0673522,0.503284,0.448452
14.3143,0.0706265,0.520873,0.426863
14.4144,0.0748024,0.536246,0.406425
14.5145,0.0799558,0.549142,0.387332
14.6146,0.0861731,0.55932,0.369752
14.7147,0.0935476,0.566561,0.353823
14.8148,0.102174,0.570667,0.339667
14.9149,0.112139,0.571465,0.327389
15.015,0.123513,0.568813,0.317088
15.1151,0.13633,0.562612,0.308859
15.2152,0.150575,0.552823,0.302798
15.3153,0.166157,0.539482,0.299009
15.4154,0.182894,0.522726,0.297597
15.5155,0.200485,0.502809,0.298676
15.6156,0.218508,0.480118,0.302353
15.7157,0.236409,0.455173,0.308731
15.8158,0.25353,0.428617,0.317882
15.9159,0.269141,0.401182,0.329841
16.016,0.282505,0.373646,0.344576
16.1161,0.292943,0.346774,0.361974
16.2162,0.299917,0.32126,0.381817
16.3163,0.303088,0.297684,0.403777
16.4164,0.302353,0.276481,0.427414
16.5165,0.297856,0.257933,0.452196
16.6166,0.289956,0.242182,0.477521
16.7167,0.279181,0.229255,0.502757
16.8168,0.26616,0.219097,0.527277
16.9169,0.251555,0.211598,0.550503
17.017,0.236009,0.206624,0.571924
17.1171,0.220099,0.204033,0.591122
17.2172,0.204311,0.203689,0.607777
17.3173,0.189032,0.205472,0.62166
17.4174,0.174549,0.209272,0.632633
17.5175,0.161059,0.214993,0.640628
17.6176,0.148684,0.22255,0.645643
17.7177,0.137484,0.231855,0.647727
17.8178,0.127474,0.242821,0.646969
17.9179,0.118637,0.255345,0.643496
18.018,0.110934,0.269311,0.637465
18.1181,0.104314,0.28458,0.629063
18.2182,0.0987198,0.300986,0.618498
18.3183,0.0940956,0.318337,0.606006
18.4184,0.0903881,0.336416,0.591842
18.5185,0.0875507,0.354978,0.576275
18.6186,0.0855452,0.37376,0.559592
18.7187,0.0843423,0.392483,0.542081
18.8188,0.0839233,0.41086,0.524036
18.9189,0.0842793,0.4286,0.505742
19.019,0.0854119,0.44542,0.487475
19.1191,0.0873324,0.461043,0.469496
19.2192,0.0900607,0.475206,0.452046
19.3193,0.0936244,0.487666,0.435344
19.4194,0.0980566,0.498198,0.419587
19.5195,0.103393,0.5066,0.404953
19.6196,0.109668,0.512695,0.391595
19.7197,0.11691,0.516333,0.379652
19.8198,0.125136,0.517395,0.369245
19.9199,0.134339,0.5158,0.360485
20.02,0.144488,0.511508,0.35347
20.1201,0.155508,0.504533,0.348293
20.2202,0.16728,0.494948,0.345036
20.3203,0.179623,0.482896,0.343775
20.4204,0.192296,0.468593,0.344576
20.5205,0.204996,0.452332,0.34749
20.6206,0.21736,0.43448,0.352546
20.7207,0.228985,0.415467,0.359747
20.8208,0.239449,0.395765,0.369056
20.9209,0.248339,0.375872,0.38039
21.021,0.255288,0.356275,0.393609
21.1211,0.260008,0.337433,0.408513
21.2212,0.262312,0.319747,0.424839
21.3213,0.262139,0.303548,0.442265
21.4214,0.25955,0.289087,0.460422
21.5215,0.254724,0.276536,0.478903
21.6216,0.247934,0.265998,0.497289
21.7217,0.239518,0.257514,0.515164
21.8218,0.229852,0.25108,0.532135
21.9219,0.219319,0.246657,0.547846
22.022,0.208281,0.244187,0.561994
22.1221,0.197069,0.243599,0.57433
22.2222,0.185964,0.244811,0.584665
22.3223,0.175198,0.247742,0.592869
22.4224,0.16495,0.252304,0.598864
22.5225,0.155355,0.258409,0.602622
22.6226,0.146504,0.26596,0.60416
22.7227,0.138455,0.274855,0.60353
22.8228,0.13124,0.28498,0.600823
22.9229,0.124869,0.296207,0.596154
23.023,0.119338,0.308393,0.589668
23.1231,0.114634,0.321381,0.581531
23.2232,0.110739,0.334997,0.571927
23.3233,0.107633,0.34905,0.561058
23.4234,0.105295,0.363337,0.549136
23.5235,0.103708,0.377646,0.536382
23.6236,0.102858,0.391756,0.523022
23.7237,0.102735,0.405445,0.509281
23.8238,0.103333,0.418492,0.495378
23.9239,0.104652,0.430681,0.481529
24.024,0.106694,0.441806,0.467936
24.1241,0.109464,0.451673,0.454789
24.2242,0.112968,0.460105,0.442266
24.3243,0.117209,0.466943,0.430528
24.4244,0.122188,0.472049,0.419721
24.5245,0.127898,0.475313,0.409977
24.6246,0.134319,0.47665,0.401414
24.7247,0.141417,0.476008,0.394136
24.8248,0.149136,0.47337,0.388236
24.9249,0.157395,0.46876,0.383793
25.025,0.166085,0.462244,0.380875
25.1251,0.175063,0.453933,0.379537
25.2252,0.184155,0.443987,0.379817
25.3253,0.193156,0.432612,0.381738
25.4254,0.201836,0.420055,0.385301
25.5255,0.209948,0.4066,0.390483
25.6256,0.217243,0.392558,0.397233
25.7257,0.223479,0.378253,0.405466
25.8258,0.228446,0.364007,0.415062
25.9259,0.231972,0.350132,0.425864
26.026,0.233943,0.336912,0.437679
26.1261,0.234309,0.324597,0.450281
26.2262,0.233085,0.313394,0.463414
26.3263,0.230352,0.303467,0.476807
26.4264,0.226246,0.294933,0.490175
26.5265,0.220948,0.287874,0.503235
26.6266,0.214668,0.28233,0.515717
26.7267,0.207633,0.278318,0.527369
26.8268,0.20007,0.275826,0.537966
26.9269,0.192199,0.274824,0.547318
27.027,0.18422,0.275271,0.555272
27.1271,0.176308,0.277109,0.561711
27.2272,0.168615,0.280274,0.566557
27.3273,0.161264,0.28469,0.569769
27.4274,0.154351,0.290275,0.571337
27.5275,0.147952,0.296936,0.571285
27.6276,0.142119,0.304571,0.569665
27.7277,0.136889,0.313067,0.566552
27.8278,0.132286,0.322302,0.562047
27.9279,0.128323,0.332141,0.556266
28.028,0.125006,0.342441,0.549346
28.1281,0.122334,0.353049,0.541432
28.2282,0.120305,0.363805,0.532685
28.3283,0.118915,0.374544,0.523269
28.4284,0.118157,0.385096,0.513354
28.5285,0.118026,0.395292,0.503111
28.6286,0.118518,0.404967,0.49271
28.7287,0.119627,0.413958,0.482316
28.8288,0.121347,0.422113,0.472089
28.9289,0.123673,0.429289,0.462181
29.029,0.126595,0.435357,0.452732
29.1291,0.130099,0.440205,0.443877
29.2292,0.134168,0.44374,0.435734
29.3293,0.138774,0.445889,0.428413
29.4294,0.14388,0.446602,0.422013
29.5295,0.149437,0.445857,0.416619
29.6296,0.15538,0.443657,0.412305
29.7297,0.16163,0.440037,0.409131
29.8298,0.16809,0.435061,0.407147
29.9299,0.174643,0.428826,0.406387
30.03,0.18116,0.421458,0.406869
30.1301,0.187496,0.41311,0.408597
30.2302,0.193499,0.403962,0.411552
30.3303,0.199014,0.394212,0.4157
30.4304,0.203888,0.384073,0.420981
30.5305,0.207984,0.373763,0.427314
30.6306,0.211183,0.363499,0.434594
30.7307,0.213394,0.353491,0.442693
30.8308,0.214558,0.343932,0.451461
30.9309,0.214654,0.334996,0.460731
31.031,0.213697,0.326834,0.470321
31.1311,0.211739,0.319567,0.480038
31.2312,0.208862,0.313294,0.489688
31.3313,0.205175,0.308085,0.499077
31.4314,0.200804,0.303987,0.50802
31.5315,0.195888,0.301025,0.516345
31.6316,0.190569,0.299205,0.523898
31.7317,0.184988,0.298517,0.530546
31.8318,0.179278,0.298934,0.53618
31.9319,0.17356,0.30042,0.540717
32.032,0.167944,0.302925,0.544098
32.1321,0.162524,0.30639,0.546291
32.2322,0.157379,0.310747,0.547285
32.3323,0.152573,0.315917,0.547097
32.4324,0.14816,0.321814,0.54576
32.5325,0.144178,0.328343,0.54333
32.6326,0.140659,0.335402,0.539878
32.7327,0.137625,0.342881,0.535491
32.8328,0.13509,0.350663,0.530268
32.9329,0.133063,0.358627,0.524319
33.033,0.131552,0.366648,0.517761
33.1331,0.130557,0.374598,0.510719
33.2332,0.130078,0.382348,0.503319
33.3333,0.130111,0.389773,0.495691
33.4334,0.130653,0.39675,0.487961
33.5335,0.131696,0.40316,0.480255
33.6336,0.13323,0.408895,0.472695
33.7337,0.135241,0.413856,0.465397
33.8338,0.137713,0.417954,0.458469
33.9339,0.140625,0.421115,0.452013
34.034,0.143947,0.42328,0.446122
34.1341,0.147646,0.42441,0.440881
34.2342,0.151679,0.424479,0.436362
34.3343,0.155994,0.423487,0.432631
34.4344,0.160529,0.421451,0.429741
34.5345,0.165213,0.41841,0.427733
34.6346,0.169966,0.414425,0.426637
34.7347,0.1747,0.409576,0.426471
34.8348,0.179318,0.403963,0.427238
34.9349,0.183721,0.397704,0.428928
35.035,0.187808,0.390929,0.431515
35.1351,0.191481,0.38378,0.434957
35.2352,0.19465,0.376406,0.439198
35.3353,0.197236,0.368956,0.444163
35.4354,0.199172,0.361578,0.449766
35.5355,0.200415,0.354416,0.455902
35.6356,0.200937,0.3476,0.462458
35.7357,0.200736,0.34125,0.469308
35.8358,0.199829,0.335471,0.47632
35.9359,0.198255,0.330349,0.483358
36.036,0.196069,0.325956,0.490287
36.1361,0.193342,0.322345,0.496972
36.2362,0.190156,0.319554,0.503289
36.3363,0.1866,0.317604,0.50912
36.4364,0.182765,0.316503,0.514362
36.5365,0.178744,0.316244,0.518926
36.6366,0.174626,0.31681,0.522739
36.7367,0.170492,0.318173,0.525746
36.8368,0.166421,0.320294,0.527907
36.9369,0.162479,0.323125,0.529203
37.037,0.158727,0.32661,0.52963
37.1371,0.155215,0.330685,0.5292
37.2372,0.151986,0.335279,0.527942
37.3373,0.149075,0.340316,0.525898
37.4374,0.146511,0.345711,0.523121
37.5375,0.144314,0.351377,0.519678
37.6376,0.142502,0.357223,0.515643
37.7377,0.141085,0.363153,0.511098
37.8378,0.140072,0.369071,0.506131
37.9379,0.139465,0.374881,0.500835
38.038,0.139266,0.380488,0.495304
38.1381,0.139471,0.385797,0.489635
38.2382,0.140076,0.390722,0.483924
38.3383,0.141069,0.395178,0.478263
38.4384,0.142441,0.39909,0.472744
38.5385,0.144173,0.402391,0.467453
38.6386,0.146246,0.405024,0.462472
38.7387,0.148635,0.406943,0.457876
38.8388,0.15131,0.408114,0.453733
38.9389,0.154235,0.408519,0.450105
39.039,0.157371,0.408151,0.447044
39.1391,0.160668,0.407019,0.444596
39.2392,0.164076,0.405148,0.442796
39.3393,0.167535,0.402575,0.441668
39.4394,0.170984,0.399355,0.441229
39.5395,0.174356,0.395552,0.441484
39.6396,0.177585,0.391246,0.442426
39.7397,0.180602,0.386525,0.444039
39.8398,0.183343,0.381483,0.446293
39.9399,0.185747,0.376224,0.449148
40.04,0.187759,0.370851,0.452553
40.1401,0.189335,0.36547,0.456446
40.2402,0.190441,0.360181,0.460755
40.3403,0.191056,0.355084,0.465399
40.4404,0.19117,0.350267,0.470293
40.5405,0.190788,0.345814,0.475343
40.6406,0.189929,0.341794,0.480453
40.7407,0.188622,0.33827,0.485528
40.8408,0.186906,0.33529,0.490472
40.9409,0.184831,0.332892,0.495194
41.041,0.182452,0.331102,0.499608
41.1411,0.179828,0.329935,0.503635
41.2412,0.177021,0.329395,0.507206
41.3413,0.174092,0.329476,0.510263
41.4414,0.171101,0.330164,0.512759
41.5415,0.168107,0.331435,0.514658
41.6416,0.165161,0.333257,0.515937
41.7417,0.162314,0.335592,0.516585
41.8418,0.159608,0.338393,0.516605
41.9419,0.157082,0.34161,0.516009
42.042,0.154769,0.345185,0.51482
42.1421,0.152696,0.349056,0.513072
42.2422,0.150887,0.353158,0.510808
42.3423,0.149359,0.357422,0.508077
42.4424,0.148126,0.361777,0.504936
42.5425,0.147199,0.366151,0.501448
42.6426,0.146583,0.370471,0.497678
42.7427,0.146282,0.374666,0.493696
42.8428,0.146295,0.378665,0.489572
42.9429,0.146618,0.382403,0.485378
43.043,0.147244,0.385817,0.481186
43.1431,0.148165,0.388849,0.477063
43.2432,0.149365,0.391448,0.473078
43.3433,0.150828,0.393571,0.469293
43.4434,0.152534,0.395182,0.465768
43.5435,0.154459,0.396255,0.462557
43.6436,0.156573,0.396774,0.459709
43.7437,0.158846,0.396731,0.457268
43.8438,0.161242,0.39613,0.455268
43.9439,0.163722,0.394986,0.453739
44.044,0.166243,0.393324,0.452703
44.1441,0.168761,0.391179,0.452174
44.2442,0.171229,0.388595,0.452157
44.3443,0.173601,0.385624,0.45265
44.4444,0.17583,0.382327,0.453641
44.5445,0.177871,0.37877,0.45511
44.6446,0.179683,0.375022,0.457031
44.7447,0.181228,0.371158,0.459367
44.8448,0.182475,0.36725,0.462074
44.9449,0.183399,0.363373,0.465102
45.045,0.183983,0.359596,0.468394
45.1451,0.184218,0.355989,0.47189
45.2452,0.184103,0.352612,0.475523
45.3453,0.183647,0.349522,0.479227
45.4454,0.182865,0.346768,0.482932
45.5455,0.181781,0.34439,0.48657
45.6456,0.180424,0.342422,0.490074
45.7457,0.178828,0.340889,0.493383
45.8458,0.177032,0.339807,0.496437
45.9459,0.175078,0.339186,0.499183
46.046,0.173006,0.339026,0.501577
46.1461,0.17086,0.339321,0.50358
46.2462,0.168682,0.340056,0.505163
46.3463,0.166511,0.341213,0.506303
46.4464,0.164386,0.342764,0.506989
46.5465,0.16234,0.344677,0.507217
46.6466,0.160406,0.346917,0.506991
46.7467,0.158612,0.349441,0.506325
46.8468,0.156981,0.352205,0.505237
46.9469,0.155535,0.35516,0.503756
47.047,0.154292,0.358255,0.501915
47.1471,0.153264,0.361437,0.499752
47.2472,0.152462,0.364652,0.497311
47.3473,0.151895,0.367847,0.494639
47.4474,0.151565,0.370968,0.491785
47.5475,0.151474,0.373962,0.488802
47.6476,0.151621,0.37678,0.485743
47.7477,0.152001,0.379374,0.482659
47.8478,0.152606,0.381701,0.479604
47.9479,0.153426,0.383723,0.476628
48.048,0.154449,0.385406,0.473779
48.1481,0.155657,0.386722,0.471104
48.2482,0.157032,0.387652,0.468644
48.3483,0.158554,0.388181,0.466439
48.4484,0.160196,0.388302,0.464522
48.5485,0.161933,0.388016,0.462922
48.6486,0.163736,0.387332,0.461663
48.7487,0.165573,0.386266,0.460762
48.8488,0.167413,0.38484,0.460231
48.9489,0.169222,0.383084,0.460077
49.049,0.170968,0.381034,0.460299
49.1491,0.172617,0.378731,0.46089
49.2492,0.174138,0.376221,0.461838
49.3493,0.175502,0.373552,0.463123
49.4494,0.176682,0.370776,0.46472
49.5495,0.177657,0.367946,0.466599
49.6496,0.178406,0.365114,0.468725
49.7497,0.178919,0.362332,0.471057
49.8498,0.179186,0.359649,0.473552
49.9499,0.179205,0.357113,0.476164
50.0501,0.178979,0.354765,0.478844
50.1502,0.178518,0.352644,0.481544
50.2503,0.177834,0.350782,0.484213
50.3504,0.176945,0.349208,0.486804
50.4505,0.175873,0.347944,0.489271
50.5506,0.174644,0.347004,0.49157
50.6507,0.173285,0.346399,0.493662
50.7508,0.171824,0.346134,0.495512
50.8509,0.170291,0.346205,0.49709
50.951,0.168717,0.346606,0.498372
51.0511,0.16713,0.347325,0.499339
51.1512,0.165559,0.348344,0.499981
51.2513,0.164031,0.349641,0.500289
51.3514,0.16257,0.351191,0.500266
51.4515,0.161199,0.352964,0.499917
51.5516,0.159938,0.354928,0.499253
51.6517,0.158806,0.357047,0.498293
51.7518,0.157816,0.359283,0.497058
51.8519,0.156982,0.361598,0.495575
51.952,0.156313,0.363952,0.493874
52.0521,0.155817,0.366305,0.491987
52.1522,0.155498,0.368617,0.489951
52.2523,0.155359,0.370849,0.487803
52.3524,0.155399,0.372963,0.485581
52.4525,0.155616,0.374924,0.483324
52.5526,0.156004,0.3767,0.481073
52.6527,0.156556,0.378261,0.478863
52.7528,0.157262,0.379581,0.476733
52.8529,0.158111,0.38064,0.474717
52.953,0.159087,0.381421,0.472848
53.0531,0.160175,0.381912,0.471156
53.1532,0.161357,0.382108,0.469666
53.2533,0.162613,0.382007,0.468403
53.3534,0.163921,0.381614,0.467384
53.4535,0.165259,0.380939,0.466625
53.5536,0.166604,0.379997,0.466136
53.6537,0.167932,0.378808,0.465922
53.7538,0.169218,0.377395,0.465984
53.8539,0.170439,0.375788,0.466319
53.954,0.171574,0.374019,0.466919
54.0541,0.1726,0.37212,0.467771
54.1542,0.173499,0.370129,0.468858
54.2543,0.174256,0.368084,0.470158
54.3544,0.174855,0.366021,0.471646
54.4545,0.175287,0.363978,0.473295
54.5546,0.175546,0.361992,0.475073
54.6547,0.175628,0.360097,0.476948
54.7548,0.175535,0.358327,0.478885
54.8549,0.17527,0.356708,0.480849
54.955,0.174842,0.355269,0.482804
55.0551,0.174261,0.354031,0.484715
55.1552,0.173542,0.353011,0.486547
55.2553,0.172701,0.352224,0.488271
55.3554,0.171757,0.351679,0.489854
55.4555,0.170728,0.351382,0.491272
55.5556,0.169637,0.351333,0.492501
55.6557,0.168504,0.351529,0.493522
55.7558,0.16735,0.351962,0.494319
55.8559,0.166197,0.352622,0.494882
55.956,0.165064,0.353493,0.495205
56.0561,0.163971,0.354559,0.495286
56.1562,0.162934,0.355798,0.495127
56.2563,0.161971,0.357186,0.494735
56.3564,0.161096,0.358699,0.494121
56.4565,0.16032,0.360308,0.4933
56.5566,0.159656,0.361986,0.492288
56.6567,0.159111,0.363704,0.491107
56.7568,0.158692,0.365431,0.48978
56.8569,0.158404,0.367138,0.488333
56.957,0.158249,0.368796,0.486791
57.0571,0.158228,0.370376,0.485184
57.1572,0.158339,0.371853,0.48354
57.2573,0.15858,0.373202,0.481887
57.3574,0.158945,0.3744,0.480254
57.4575,0.159427,0.375429,0.478669
57.5576,0.160017,0.376271,0.477158
57.6577,0.160706,0.376914,0.475746
57.7578,0.16148,0.377348,0.474456
57.8579,0.162327,0.377568,0.473307
57.958,0.163232,0.377572,0.472319
58.0581,0.164179,0.377362,0.471505
58.1582,0.165153,0.376943,0.470879
58.2583,0.166135,0.376327,0.470448
58.3584,0.167109,0.375526,0.470218
58.4585,0.168057,0.374556,0.470191
58.5586,0.168962,0.373438,0.470365
58.6587,0.169808,0.372192,0.470735
58.7588,0.17058,0.370844,0.471293
58.8589,0.171265,0.369418,0.472026
58.959,0.171849,0.367942,0.472921
59.0591,0.172324,0.366442,0.47396
59.1592,0.17268,0.364946,0.475123
59.2593,0.172913,0.363481,0.476388
59.3594,0.17302,0.362072,0.477731
59.4595,0.173001,0.360743,0.479129
59.5596,0.172857,0.359517,0.480555
59.6597,0.172593,0.358413,0.481984
59.7598,0.172216,0.357449,0.48339
59.8599,0.171735,0.356639,0.484749
59.96,0.17116,0.355996,0.486036
60.0601,0.170505,0.355526,0.487229
60.1602,0.169783,0.355237,0.48831
60.2603,0.169008,0.355129,0.489259
60.3604,0.168195,0.355202,0.490062
60.4605,0.167359,0.355451,0.490707
60.5606,0.166517,0.355871,0.491184
60.6607,0.165682,0.35645,0.491488
60.7608,0.164869,0.357177,0.491616
60.8609,0.164091,0.358037,0.491569
60.961,0.163362,0.359014,0.491349
61.0611,0.162691,0.36009,0.490964
61.1612,0.162091,0.361244,0.490422
61.2613,0.161569,0.362456,0.489737
61.3614,0.161132,0.363705,0.488921
61.4615,0.160786,0.364969,0.487991
61.5616,0.160536,0.366225,0.486966
61.6617,0.160384,0.367453,0.485864
61.7618,0.160331,0.368631,0.484706
61.8619,0.160377,0.36974,0.483512
61.962,0.16052,0.37076,0.482303
62.0621,0.160756,0.371677,0.481101
62.1622,0.161081,0.372473,0.479926
62.2623,0.161488,0.373137,0.478798
62.3624,0.16197,0.373659,0.477736
62.4625,0.162518,0.374031,0.476757
62.5626,0.163122,0.374247,0.475877
62.6627,0.163773,0.374306,0.475109
62.7628,0.164457,0.374209,0.474466
62.8629,0.165164,0.373958,0.473957
62.963,0.16588,0.37356,0.47359
63.0631,0.166594,0.373025,0.473368
63.1632,0.167292,0.372362,0.473295
63.2633,0.167963,0.371586,0.47337
63.3634,0.168594,0.370711,0.473589
63.4635,0.169175,0.369755,0.473948
63.5636,0.169695,0.368736,0.474439
63.6637,0.170145,0.367673,0.475051
63.7638,0.170518,0.366585,0.475773
63.8639,0.170807,0.365492,0.47659
63.964,0.171009,0.364414,0.477488
64.0641,0.17112,0.36337,0.478449
64.1642,0.17114,0.362377,0.479455
64.2643,0.171069,0.361452,0.480489
64.3644,0.170911,0.360611,0.481532
64.4645,0.170668,0.359866,0.482564
64.5646,0.170348,0.359231,0.483569
64.6647,0.169958,0.358713,0.484528
64.7648,0.169504,0.35832,0.485424
64.8649,0.168998,0.358057,0.486244
64.965,0.168449,0.357927,0.486973
65.0651,0.167867,0.357929,0.487599
65.1652,0.167264,0.358063,0.488114
65.2653,0.16665,0.358322,0.488509
65.3654,0.166038,0.358702,0.488779
65.4655,0.165436,0.359194,0.488921
65.5656,0.164856,0.359788,0.488935
65.6657,0.164307,0.360472,0.488823
65.7658,0.163798,0.361233,0.488588
65.8659,0.163337,0.362058,0.488236
65.966,0.16293,0.362931,0.487774
66.0661,0.162585,0.363836,0.487214
66.1662,0.162305,0.364758,0.486566
66.2663,0.162094,0.36568,0.485842
66.3664,0.161954,0.366587,0.485057
66.4665,0.161888,0.367463,0.484225
66.5666,0.161895,0.368292,0.483361
66.6667,0.161974,0.369063,0.48248
66.7668,0.162123,0.36976,0.481597
66.8669,0.162339,0.370374,0.48073
66.967,0.162617,0.370894,0.479891
67.0671,0.162952,0.371313,0.479095
67.1672,0.163337,0.371624,0.478355
67.2673,0.163767,0.371822,0.477684
67.3674,0.164232,0.371907,0.477091
67.4675,0.164725,0.371876,0.476587
67.5676,0.165237,0.371733,0.476179
67.6677,0.165759,0.371482,0.475872
67.7678,0.166282,0.371127,0.475672
67.8679,0.166796,0.370677,0.475579
67.968,0.167293,0.37014,0.475595
68.0681,0.167763,0.369528,0.475717
68.1682,0.168199,0.368853,0.475943
68.2683,0.168593,0.368126,0.476268
68.3684,0.168939,0.367361,0.476683
68.4685,0.16923,0.366574,0.477182
68.5686,0.169462,0.365777,0.477755
68.6687,0.169632,0.364986,0.47839
68.7688,0.169737,0.364214,0.479075
68.8689,0.169776,0.363474,0.479799
68.969,0.169748,0.36278,0.480547
69.0691,0.169657,0.362142,0.481306
69.1692,0.169504,0.361571,0.482063
69.2693,0.169292,0.361076,0.482804
69.3694,0.169028,0.360664,0.483517
69.4695,0.168715,0.360342,0.484188
69.5696,0.168361,0.360113,0.484807
69.6697,0.167973,0.359981,0.485364
69.7698,0.167558,0.359946,0.48585
69.8699,0.167123,0.360008,0.486256
69.97,0.166678,0.360163,0.486577
70.0701,0.16623,0.360408,0.486809
70.1702,0.165787,0.360738,0.486948
70.2703,0.165356,0.361145,0.486993
70.3704,0.164945,0.361621,0.486946
70.4705,0.164561,0.362158,0.486808
70.5706,0.164209,0.362745,0.486583
70.6707,0.163895,0.363371,0.486276
70.7708,0.163624,0.364026,0.485893
70.8709,0.1634,0.364696,0.485443
70.971,0.163226,0.365371,0.484935
71.0711,0.163104,0.366039,0.484377
71.1712,0.163036,0.366689,0.483781
71.2713,0.163021,0.367308,0.483157
71.3714,0.16306,0.367887,0.482517
71.4715,0.163151,0.368417,0.481872
71.5716,0.163291,0.368888,0.481232
71.6717,0.163479,0.369293,0.48061
71.7718,0.16371,0.369625,0.480016
71.8719,0.16398,0.369881,0.479459
71.972,0.164284,0.370055,0.478949
72.0721,0.164616,0.370147,0.478495
72.1722,0.16497,0.370155,0.478102
72.2723,0.16534,0.37008,0.477778
72.3724,0.165719,0.369925,0.477526
72.4725,0.166101,0.369693,0.477351
72.5726,0.166479,0.369389,0.477255
72.6727,0.166847,0.369021,0.477238
72.7728,0.167197,0.368594,0.477299
72.8729,0.167524,0.368117,0.477437
72.973,0.167822,0.3676,0.477649
73.0731,0.168086,0.367052,0.477929
73.1732,0.168313,0.366483,0.478272
73.2733,0.168497,0.365904,0.478671
73.3734,0.168637,0.365324,0.479119
73.4735,0.168731,0.364755,0.479607
73.5736,0.168776,0.364206,0.480125
73.6737,0.168774,0.363686,0.480665
73.7738,0.168725,0.363204,0.481217
73.8739,0.16863,0.362768,0.481771
73.974,0.168492,0.362385,0.482317
74.0741,0.168314,0.362061,0.482845
74.1742,0.168099,0.361801,0.483346
74.2743,0.167853,0.361608,0.483813
74.3744,0.167579,0.361485,0.484236
74.4745,0.167283,0.361433,0.48461
74.5746,0.166972,0.361452,0.484928
74.6747,0.16665,0.36154,0.485186
74.7748,0.166323,0.361695,0.48538
74.8749,0.165997,0.361913,0.485506
74.975,0.165679,0.36219,0.485565
75.0751,0.165372,0.36252,0.485556
75.1752,0.165083,0.362897,0.48548
75.2753,0.164816,0.363313,0.485339
75.3754,0.164576,0.363761,0.485137
75.4755,0.164365,0.364232,0.484878
75.5756,0.164188,0.364719,0.484567
75.6757,0.164047,0.365212,0.484211
75.7758,0.163943,0.365703,0.483816
75.8759,0.163878,0.366183,0.483391
75.976,0.163853,0.366644,0.482942
76.0761,0.163867,0.367078,0.482478
76.1762,0.16392,0.367479,0.482007
76.2763,0.16401,0.367839,0.481538
76.3764,0.164135,0.368152,0.481078
76.4765,0.164293,0.368414,0.480635
76.5766,0.164481,0.368621,0.480218
76.6767,0.164695,0.36877,0.479832
76.7768,0.16493,0.368859,0.479484
76.8769,0.165184,0.368887,0.47918
76.977,0.165451,0.368854,0.478925
77.0771,0.165726,0.368762,0.478721
77.1772,0.166005,0.368613,0.478573
77.2773,0.166282,0.36841,0.478482
77.3774,0.166553,0.368158,0.478448
77.4775,0.166814,0.367861,0.478473
77.5776,0.167058,0.367526,0.478554
77.6777,0.167284,0.36716,0.478689
77.7778,0.167485,0.366767,0.478876
77.8779,0.16766,0.366357,0.47911
77.978,0.167806,0.365937,0.479387
78.0781,0.16792,0.365514,0.479701
78.1782,0.168,0.365095,0.480047
78.2783,0.168046,0.364688,0.480418
78.3784,0.168057,0.3643,0.480807
78.4785,0.168034,0.363937,0.481208
78.5786,0.167977,0.363606,0.481612
78.6787,0.167888,0.363312,0.482013
78.7788,0.167769,0.363059,0.482403
78.8789,0.167622,0.362851,0.482777
78.979,0.167451,0.362692,0.483127
79.0791,0.167259,0.362583,0.483448
79.1792,0.167049,0.362525,0.483735
79.2793,0.166826,0.36252,0.483982
79.3794,0.166593,0.362565,0.484187
79.4795,0.166356,0.362661,0.484346
79.5796,0.166118,0.362803,0.484456
79.6797,0.165883,0.36299,0.484518
79.7798,0.165655,0.363217,0.484529
79.8799,0.165439,0.363481,0.484492
79.98,0.165237,0.363775,0.484406
80.0801,0.165054,0.364094,0.484275
80.1802,0.164891,0.364433,0.484101
80.2803,0.164752,0.364785,0.483888
80.3804,0.164639,0.365144,0.48364
80.4805,0.164553,0.365504,0.483362
80.5806,0.164494,0.365858,0.483059
80.6807,0.164465,0.3662,0.482737
80.7808,0.164465,0.366525,0.482401
80.8809,0.164493,0.366827,0.482059
80.981,0.164549,0.367101,0.481715
81.0811,0.164632,0.367342,0.481376
81.1812,0.164739,0.367548,0.481047
81.2813,0.164869,0.367714,0.480735
81.3814,0.165019,0.367838,0.480444
81.4815,0.165186,0.367918,0.48018
81.5816,0.165367,0.367955,0.479946
81.6817,0.165559,0.367947,0.479746
81.7818,0.165758,0.367895,0.479583
81.8819,0.165961,0.367801,0.47946
81.982,0.166164,0.367667,0.479378
82.0821,0.166364,0.367496,0.479338
82.1822,0.166557,0.367291,0.479341
82.2823,0.16674,0.367057,0.479385
82.3824,0.166909,0.366797,0.479469
82.4825,0.167063,0.366518,0.479592
82.5826,0.167197,0.366223,0.479751
82.6827,0.167311,0.365918,0.479942
82.7828,0.167403,0.36561,0.480162
82.8829,0.16747,0.365302,0.480407
82.983,0.167513,0.365002,0.480672
83.0831,0.167531,0.364713,0.480951
83.1832,0.167523,0.364441,0.481241
83.2833,0.16749,0.364191,0.481535
83.3834,0.167434,0.363965,0.481829
83.4835,0.167355,0.363769,0.482117
83.5836,0.167256,0.363605,0.482395
83.6837,0.167137,0.363476,0.482657
83.7838,0.167003,0.363382,0.4829
83.8839,0.166854,0.363326,0.483118
83.984,0.166695,0.363308,0.48331
84.0841,0.166527,0.363328,0.483471
84.1842,0.166355,0.363384,0.483599
84.2843,0.166181,0.363475,0.483693
84.3844,0.166008,0.3636,0.483751
84.4845,0.16584,0.363756,0.483773
84.5846,0.165679,0.363939,0.483759
84.6847,0.165527,0.364145,0.483709
84.7848,0.165388,0.364372,0.483626
84.8849,0.165263,0.364615,0.48351
84.985,0.165155,0.364869,0.483365
85.0851,0.165065,0.36513,0.483193
85.1852,0.164994,0.365393,0.482997
85.2853,0.164944,0.365653,0.482783
85.3854,0.164915,0.365907,0.482552
85.4855,0.164907,0.366149,0.48231
85.5856,0.16492,0.366376,0.482062
85.6857,0.164954,0.366584,0.48181
85.7858,0.165007,0.366769,0.481561
85.8859,0.165079,0.366929,0.481318
85.986,0.165168,0.367061,0.481085
86.0861,0.165273,0.367162,0.480867
86.1862,0.165391,0.367233,0.480666
86.2863,0.165519,0.367271,0.480487
86.3864,0.165657,0.367277,0.480332
86.4865,0.165801,0.367251,0.480203
86.5866,0.165948,0.367194,0.480102
86.6867,0.166097,0.367106,0.480031
86.7868,0.166244,0.366991,0.479991
86.8869,0.166387,0.36685,0.479981
86.987,0.166523,0.366687,0.480003
87.0871,0.16665,0.366504,0.480054
87.1872,0.166767,0.366305,0.480134
87.2873,0.16687,0.366093,0.48024
87.3874,0.166959,0.365873,0.480371
87.4875,0.167031,0.365649,0.480525
87.5876,0.167087,0.365424,0.480697
87.6877,0.167125,0.365202,0.480885
87.7878,0.167144,0.364988,0.481086
87.8879,0.167145,0.364785,0.481295
87.988,0.167128,0.364596,0.481509
88.0881,0.167094,0.364424,0.481723
88.1882,0.167042,0.364273,0.481936
88.2883,0.166975,0.364145,0.482141
88.3884,0.166894,0.364041,0.482337
88.4885,0.1668,0.363962,0.48252
88.5886,0.166695,0.363911,0.482686
88.6887,0.166581,0.363888,0.482833
88.7888,0.166461,0.363892,0.482959
88.8889,0.166337,0.363923,0.483062
88.989,0.16621,0.363981,0.483139
89.0891,0.166083,0.364063,0.483192
89.1892,0.165959,0.364169,0.483217
89.2893,0.165839,0.364295,0.483217
89.3894,0.165725,0.36444,0.48319
89.4895,0.16562,0.364601,0.483138
89.5896,0.165525,0.364774,0.483062
89.6897,0.165441,0.364957,0.482964
89.7898,0.16537,0.365146,0.482845
89.8899,0.165313,0.365338,0.482709
89.99,0.165271,0.365529,0.482557
90.0901,0.165244,0.365716,0.482392
90.1902,0.165233,0.365896,0.482219
90.2903,0.165237,0.366066,0.482039
90.3904,0.165256,0.366223,0.481855
90.4905,0.16529,0.366365,0.481673
90.5906,0.165338,0.366488,0.481493
90.6907,0.165398,0.366592,0.48132
90.7908,0.165471,0.366675,0.481156
90.8909,0.165553,0.366734,0.481005
90.991,0.165645,0.366771,0.480868
91.0911,0.165743,0.366784,0.480748
91.1912,0.165847,0.366773,0.480647
91.2913,0.165954,0.36674,0.480566
91.3914,0.166062,0.366684,0.480506
91.4915,0.16617,0.366607,0.480468
91.5916,0.166275,0.366511,0.480453
91.6917,0.166377,0.366398,0.480461
91.7918,0.166472,0.366269,0.48049
91.8919,0.16656,0.366128,0.480541
91.992,0.166639,0.365976,0.480612
92.0921,0.166708,0.365818,0.480701
92.1922,0.166765,0.365655,0.480807
92.2923,0.16681,0.365491,0.480928
92.3924,0.166842,0.365328,0.481061
92.4925,0.166862,0.365169,0.481205
92.5926,0.166867,0.365018,0.481355
92.6927,0.16686,0.364876,0.48151
92.7928,0.166839,0.364746,0.481667
92.8929,0.166806,0.36463,0.481823
92.993,0.166761,0.36453,0.481975
93.0931,0.166705,0.364447,0.482121
93.1932,0.16664,0.364383,0.482258
93.2933,0.166567,0.364338,0.482384
93.3934,0.166486,0.364314,0.482496
93.4935,0.1664,0.364309,0.482594
93.5936,0.16631,0.364325,0.482675
93.6937,0.166218,0.36436,0.482739
93.7938,0.166125,0.364413,0.482784
93.8939,0.166034,0.364484,0.48281
93.994,0.165945,0.364571,0.482817
94.0941,0.16586,0.364672,0.482804
94.1942,0.165781,0.364786,0.482773
94.2943,0.165708,0.364909,0.482724
94.3944,0.165644,0.36504,0.482658
94.4945,0.165589,0.365177,0.482577
94.5946,0.165543,0.365316,0.482482
94.6947,0.165509,0.365456,0.482375
94.7948,0.165485,0.365594,0.482258
94.8949,0.165472,0.365728,0.482133
94.995,0.165471,0.365855,0.482003
95.0951,0.165481,0.365973,0.48187
95.1952,0.165502,0.366081,0.481736
95.2953,0.165533,0.366176,0.481604
95.3954,0.165574,0.366257,0.481476
95.4955,0.165624,0.366323,0.481354
95.5956,0.165682,0.366373,0.48124
95.6957,0.165746,0.366406,0.481136
95.7958,0.165816,0.366422,0.481043
95.8959,0.165891,0.36642,0.480964
95.996,0.165968,0.366402,0.4809
96.0961,0.166047,0.366367,0.48085
96.1962,0.166126,0.366316,0.480817
96.2963,0.166204,0.366251,0.4808
96.3964,0.166279,0.366173,0.480799
96.4965,0.16635,0.366083,0.480815
96.5966,0.166416,0.365983,0.480846
96.6967,0.166477,0.365875,0.480893
96.7968,0.166529,0.365761,0.480953
96.8969,0.166574,0.365643,0.481026
96.997,0.166611,0.365523,0.481111
97.0971,0.166638,0.365404,0.481205
97.1972,0.166655,0.365287,0.481307
97.2973,0.166663,0.365174,0.481415
97.3974,0.166661,0.365068,0.481527
97.4975,0.166649,0.364969,0.481642
97.5976,0.166628,0.364881,0.481756
97.6977,0.166599,0.364803,0.481868
97.7978,0.166561,0.364738,0.481976
97.8979,0.166516,0.364686,0.482079
97.998,0.166464,0.364648,0.482174
98.0981,0.166407,0.364625,0.48226
98.1982,0.166346,0.364617,0.482335
98.2983,0.166281,0.364623,0.482399
98.3984,0.166215,0.364643,0.48245
98.4985,0.166147,0.364677,0.482488
98.5986,0.16608,0.364724,0.482512
98.6987,0.166014,0.364784,0.482522
98.7988,0.165951,0.364854,0.482518
98.8989,0.165891,0.364933,0.4825
98.999,0.165837,0.365021,0.482469
99.0991,0.165787,0.365115,0.482425
99.1992,0.165744,0.365213,0.48237
99.2993,0.165709,0.365315,0.482304
99.3994,0.16568,0.365417,0.482229
99.4995,0.16566,0.365518,0.482147
99.5996,0.165648,0.365617,0.482057
99.6997,0.165644,0.365712,0.481964
99.7998,0.165648,0.365801,0.481867
99.8999,0.16566,0.365882,0.48177
100,0.165681,0.365955,0.481673
